72012838, freedev/solr-import-export-json, https://github.com/freedev/solr-import-export-json, 200
122280324, Yanchek99/wod-tracker, https://github.com/Yanchek99/wod-tracker, 200
147563560, honeybadger-io/serverless-quickstart, https://github.com/honeybadger-io/serverless-quickstart, 200
38402023, honeybadger-io/honeybadger-java, https://github.com/honeybadger-io/honeybadger-java, 200
73957201, tulibraries/tul_cob, https://github.com/tulibraries/tul_cob, 200
104670293, simonw/simonwillisonblog, https://github.com/simonw/simonwillisonblog, 200
37286134, taskcluster/rust-hawk, https://github.com/taskcluster/rust-hawk, 200
170507917, loilo/prettier-php-playground, https://github.com/loilo/prettier-php-playground, 200
37281807, honeybadger-io/honeybadger-elixir, https://github.com/honeybadger-io/honeybadger-elixir, 200
123921057, znz/blog.n-z.jp, https://github.com/znz/blog.n-z.jp, 200
162753544, ValiMail/collections, https://github.com/ValiMail/collections, 200
93156866, pivotal-cf/service-backup, https://github.com/pivotal-cf/service-backup, 200
362838433, agwenchez/super-admin-docker, https://github.com/agwenchez/super-admin-docker, 200
362838433, agwenchez/super-admin-docker, https://github.com/agwenchez/super-admin-docker, 200
362849085, DO1JLR/ansible_role_restic, https://github.com/DO1JLR/ansible_role_restic, 200
354940047, joaopalmeiro/cookiecutter-templates, https://github.com/joaopalmeiro/cookiecutter-templates, 200
45739815, zummenix/mprovision, https://github.com/zummenix/mprovision, 200
135892883, zummenix/xcopen, https://github.com/zummenix/xcopen, 200
10485105, ptv-logistics/Leaflet.NonTiledLayer, https://github.com/ptv-logistics/Leaflet.NonTiledLayer, 200
357589648, skykchmin/Nodejs_book_lecture, https://github.com/skykchmin/Nodejs_book_lecture, 200
223135200, iotaledger/mam.js, https://github.com/iotaledger/mam.js, 200
216921559, bytecodealliance/cargo-wasi, https://github.com/bytecodealliance/cargo-wasi, 200
362843133, zhj18/fgcloud, https://github.com/zhj18/fgcloud, 200
362833982, JenBucheli/q-and-a, https://github.com/JenBucheli/q-and-a, 200
131349664, alexander-akhmetov/python-telegram, https://github.com/alexander-akhmetov/python-telegram, 200
349570641, wuespace/.github, https://github.com/wuespace/.github, 200
202275988, casbin/casbin-rs, https://github.com/casbin/casbin-rs, 200
323965918, harens/seaport, https://github.com/harens/seaport, 200
356990989, dedelukman/basiclaravel, https://github.com/dedelukman/basiclaravel, 200
7900721, MissAllSunday/Breeze, https://github.com/MissAllSunday/Breeze, 200
83878269, iterative/dvc, https://github.com/iterative/dvc, 200
362835382, allovaro/kickstart, https://github.com/allovaro/kickstart, 200
163612713, minter/tesla_puck, https://github.com/minter/tesla_puck, 200
290652853, RangerRick/blobile, https://github.com/RangerRick/blobile, 200
362831091, Tinctoria/Ovn21FlexMenu, https://github.com/Tinctoria/Ovn21FlexMenu, 200
145735722, terorie/cpuid-node, https://github.com/terorie/cpuid-node, 200
102377158, zaproxy/zap-hud, https://github.com/zaproxy/zap-hud, 200
360092127, cdklabs/construct-hub-webapp, https://github.com/cdklabs/construct-hub-webapp, 200
155625990, manuth/TSProjectGenerator, https://github.com/manuth/TSProjectGenerator, 200
362822583, Fridabolin/right-scrollbar-, https://github.com/Fridabolin/right-scrollbar-, 200
362821071, Mnigos/school-quiz-backend, https://github.com/Mnigos/school-quiz-backend, 200
268228900, Frederick-S/nhk-easy-api, https://github.com/Frederick-S/nhk-easy-api, 200
302897771, shelcia/Blog-website, https://github.com/shelcia/Blog-website, 200
225636999, bytecodealliance/regalloc.rs, https://github.com/bytecodealliance/regalloc.rs, 200
140860990, zaproxy/front-end-tracker, https://github.com/zaproxy/front-end-tracker, 200
2651887, alphagov/smart-answers, https://github.com/alphagov/smart-answers, 200
138002551, xeraa/integration-test-demo, https://github.com/xeraa/integration-test-demo, 200
362807489, taisei-ide-0123/fithabit-01, https://github.com/taisei-ide-0123/fithabit-01, 200
137739589, yildiz-online/docker-runtime-java, https://github.com/yildiz-online/docker-runtime-java, 200
158497372, yildiz-online/docker-application-website, https://github.com/yildiz-online/docker-application-website, 200
160183016, yildiz-online/webapp-frontend, https://github.com/yildiz-online/webapp-frontend, 200
184795427, slowli/ocl-convolution, https://github.com/slowli/ocl-convolution, 200
172209570, yildiz-online/docker-build-java-dependencies, https://github.com/yildiz-online/docker-build-java-dependencies, 200
362811167, remal-gradle-plugins/test-source-sets, https://github.com/remal-gradle-plugins/test-source-sets, 200
362485097, bkioshn/ngum_API, https://github.com/bkioshn/ngum_API, 200
161673863, slowli/secret-tree, https://github.com/slowli/secret-tree, 200
113708033, xeraa/java-logging, https://github.com/xeraa/java-logging, 200
242499515, mhristof/zoi, https://github.com/mhristof/zoi, 200
325346963, rjcohn/alexa-pymyq, https://github.com/rjcohn/alexa-pymyq, 200
283327081, shelcia/AUV, https://github.com/shelcia/AUV, 200
286561, freerange/site, https://github.com/freerange/site, 200
362009612, fracdiff/fracdiff, https://github.com/fracdiff/fracdiff, 200
362501567, JackHaigh/jhaigh_notion, https://github.com/JackHaigh/jhaigh_notion, 200
81935990, alphagov/gds-way, https://github.com/alphagov/gds-way, 200
355383964, GGrassiant/ReactNativeTemplate, https://github.com/GGrassiant/ReactNativeTemplate, 200
295241237, GGrassiant/ts-react-template, https://github.com/GGrassiant/ts-react-template, 200
22423082, alphagov/collections-publisher, https://github.com/alphagov/collections-publisher, 200
359732389, Ragnarofl/PhysioAc_Login, https://github.com/Ragnarofl/PhysioAc_Login, 200
339116796, AnejP/TITAN, https://github.com/AnejP/TITAN, 200
354507581, mertasan/tailwindcss-variables, https://github.com/mertasan/tailwindcss-variables, 200
23083156, mui-org/material-ui, https://github.com/mui-org/material-ui, 200
214608525, skyYaga/skdvin-webapp, https://github.com/skyYaga/skdvin-webapp, 200
245597755, matijs/react-typescript-starter, https://github.com/matijs/react-typescript-starter, 200
354100669, tutunak/aws-cdk-autoscaling-demo-stack, https://github.com/tutunak/aws-cdk-autoscaling-demo-stack, 200
362797700, maluzhenkov/test_ctrlweb1, https://github.com/maluzhenkov/test_ctrlweb1, 200
361219118, Jannchie/blog, https://github.com/Jannchie/blog, 200
79636970, editorconfig-checker/editorconfig-checker.php, https://github.com/editorconfig-checker/editorconfig-checker.php, 200
361915548, gaahrdner/terraform-provider-porkbun, https://github.com/gaahrdner/terraform-provider-porkbun, 200
362791358, kelvinkyendwa/covid, https://github.com/kelvinkyendwa/covid, 200
357581627, DeevaCyber/festival_lara, https://github.com/DeevaCyber/festival_lara, 200
204385543, RafiIzzatulRizquFaris/MovieCatalogue1, https://github.com/RafiIzzatulRizquFaris/MovieCatalogue1, 200
11695619, eXist-db/exist, https://github.com/eXist-db/exist, 200
1125389, mysociety/alaveteli, https://github.com/mysociety/alaveteli, 200
200815016, solarhell/iTunesService, https://github.com/solarhell/iTunesService, 200
156966840, evolvedbinary/fusion-studio-extension, https://github.com/evolvedbinary/fusion-studio-extension, 200
304266507, evolvedbinary/prosemirror-jdita, https://github.com/evolvedbinary/prosemirror-jdita, 200
186188450, eXist-db/public-xar-repo-plugin, https://github.com/eXist-db/public-xar-repo-plugin, 200
93156607, pivotal-cf/service-backup-release, https://github.com/pivotal-cf/service-backup-release, 200
259755291, DavideViolante/sprint-milestone-action, https://github.com/DavideViolante/sprint-milestone-action, 200
137608085, Verseghy/website_backend, https://github.com/Verseghy/website_backend, 200
362778173, antony64240/NodeJs-Express-, https://github.com/antony64240/NodeJs-Express-, 200
362778173, antony64240/NodeJs-Express-, https://github.com/antony64240/NodeJs-Express-, 200
362778173, antony64240/NodeJs-Express-, https://github.com/antony64240/NodeJs-Express-, 200
142793034, KristjanTammekivi/Haredo, https://github.com/KristjanTammekivi/Haredo, 200
355127985, Aruoto/UX-Aoxic, https://github.com/Aruoto/UX-Aoxic, 200
278068867, Rindula/hirsch, https://github.com/Rindula/hirsch, 200
218528527, dan-mba/react-podcast-espn, https://github.com/dan-mba/react-podcast-espn, 200
28133215, JanGorman/MapleBacon, https://github.com/JanGorman/MapleBacon, 200
194668395, Ryzhehvost/ASF-Achievement-Manager, https://github.com/Ryzhehvost/ASF-Achievement-Manager, 200
7547040, JanGorman/jersey-passbook, https://github.com/JanGorman/jersey-passbook, 200
176471654, plan-player-analytics/Extension-template, https://github.com/plan-player-analytics/Extension-template, 200
36131454, JanGorman/Agrume, https://github.com/JanGorman/Agrume, 200
54834225, JanGorman/Chester, https://github.com/JanGorman/Chester, 200
148399527, python/blurb_it, https://github.com/python/blurb_it, 200
362857549, obwogosimeon/aquarech, https://github.com/obwogosimeon/aquarech, 200
161018302, iguagile/iguagile-engine, https://github.com/iguagile/iguagile-engine, 200
72441033, openfisca/openfisca-senegal, https://github.com/openfisca/openfisca-senegal, 200
140418233, openfisca/openfisca-cote-d-ivoire, https://github.com/openfisca/openfisca-cote-d-ivoire, 200
153455875, splitgraph/splitgraph, https://github.com/splitgraph/splitgraph, 200
148385374, fabric8-launcher/maven-model-helper, https://github.com/fabric8-launcher/maven-model-helper, 200
266046933, hmcts/bulk-scan-end-to-end-tests, https://github.com/hmcts/bulk-scan-end-to-end-tests, 200
109844984, unasuke/bot-bahamut, https://github.com/unasuke/bot-bahamut, 200
64225407, wireapp/wire-desktop, https://github.com/wireapp/wire-desktop, 200
188537773, jbelien/elections-be-api, https://github.com/jbelien/elections-be-api, 200
247994653, tdakkota/gnhentai, https://github.com/tdakkota/gnhentai, 200
48505457, slimphp/Slim-Http, https://github.com/slimphp/Slim-Http, 200
362079365, eddieasare/atoaugustyn-leave-regent, https://github.com/eddieasare/atoaugustyn-leave-regent, 200
894940, llbbl/codeigniter-chat, https://github.com/llbbl/codeigniter-chat, 200
362371790, JeremyCantal/session_NodeJS, https://github.com/JeremyCantal/session_NodeJS, 200
362661683, swaglord2021/audio-player, https://github.com/swaglord2021/audio-player, 200
362641215, ashrafcse3/leave-management, https://github.com/ashrafcse3/leave-management, 200
89506935, Homebrew/homebrew-formula-analytics, https://github.com/Homebrew/homebrew-formula-analytics, 200
129891715, Homebrew/formulae.brew.sh, https://github.com/Homebrew/formulae.brew.sh, 200
53534087, jekyll/teams, https://github.com/jekyll/teams, 200
244736083, WPMedia/feed-components, https://github.com/WPMedia/feed-components, 200
178178728, Homebrew/rubydoc.brew.sh, https://github.com/Homebrew/rubydoc.brew.sh, 200
3200350, shkumagai/sphinxjp.themes.impressjs, https://github.com/shkumagai/sphinxjp.themes.impressjs, 200
5611512, shkumagai/pygments-style-solarized, https://github.com/shkumagai/pygments-style-solarized, 200
161503356, project-ncl/bacon, https://github.com/project-ncl/bacon, 200
70537056, auth0-samples/auth0-golang-web-app, https://github.com/auth0-samples/auth0-golang-web-app, 200
256417771, daveroverts/bmac, https://github.com/daveroverts/bmac, 200
228103936, smashah/chargebee-card, https://github.com/smashah/chargebee-card, 200
212582451, h3poteto/masuda_stream, https://github.com/h3poteto/masuda_stream, 200
280527034, XiaomiFirmwareUpdater/api, https://github.com/XiaomiFirmwareUpdater/api, 200
279415612, XiaomiFirmwareUpdater/database, https://github.com/XiaomiFirmwareUpdater/database, 200
118015205, XiaomiFirmwareUpdater/mi-firmware-updater, https://github.com/XiaomiFirmwareUpdater/mi-firmware-updater, 200
362825296, julroubens/siteagencyworker, https://github.com/julroubens/siteagencyworker, 200
140069497, XiaomiFirmwareUpdater/miui-updates-tracker, https://github.com/XiaomiFirmwareUpdater/miui-updates-tracker, 200
176946635, XiaomiFirmwareUpdater/xiaomi_certification_tracker, https://github.com/XiaomiFirmwareUpdater/xiaomi_certification_tracker, 200
185279814, XiaomiFirmwareUpdater/xiaomi_uranus_chatbot, https://github.com/XiaomiFirmwareUpdater/xiaomi_uranus_chatbot, 200
350922401, hijiki02/EXAClock, https://github.com/hijiki02/EXAClock, 200
362810328, BESTSELLER/backstage-plugin-kubecost, https://github.com/BESTSELLER/backstage-plugin-kubecost, 200
362810328, BESTSELLER/backstage-plugin-kubecost, https://github.com/BESTSELLER/backstage-plugin-kubecost, 200
362628983, GamaSistemas/Fox-Cupom, https://github.com/GamaSistemas/Fox-Cupom, 200
303972254, XiaomiFirmwareUpdater/xiaomi-flashable-firmware-creator-gui, https://github.com/XiaomiFirmwareUpdater/xiaomi-flashable-firmware-creator-gui, 200
123586784, XiaomiFirmwareUpdater/xiaomi-flashable-firmware-creator, https://github.com/XiaomiFirmwareUpdater/xiaomi-flashable-firmware-creator, 200
141752763, librespot-org/librespot-java, https://github.com/librespot-org/librespot-java, 200
362792592, shormaz123/oddsandmore, https://github.com/shormaz123/oddsandmore, 200
267715730, RohJ/adonai, https://github.com/RohJ/adonai, 200
267715730, RohJ/adonai, https://github.com/RohJ/adonai, 200
161547610, materialsvirtuallab/megnet, https://github.com/materialsvirtuallab/megnet, 200
236185220, materialsvirtuallab/maml, https://github.com/materialsvirtuallab/maml, 200
362808067, dobrakmato/glsl-intellij, https://github.com/dobrakmato/glsl-intellij, 200
362787285, JaredGalzote/webdev2-project-, https://github.com/JaredGalzote/webdev2-project-, 200
106613119, atlasmap/atlasmap, https://github.com/atlasmap/atlasmap, 200
362801282, lvtetrault/SwaggerTest, https://github.com/lvtetrault/SwaggerTest, 200
271266597, sealas/sealax, https://github.com/sealas/sealax, 200
360960426, Paosder/cube-text, https://github.com/Paosder/cube-text, 200
94026225, aerokube/aerokube.github.io, https://github.com/aerokube/aerokube.github.io, 200
197933555, aerokube/moon-website, https://github.com/aerokube/moon-website, 200
362674907, tranthanhquang9900/animal-app, https://github.com/tranthanhquang9900/animal-app, 200
1930909, fb55/readabilitySAX, https://github.com/fb55/readabilitySAX, 200
6628851, fb55/node-inline, https://github.com/fb55/node-inline, 200
5414232, fb55/domhandler, https://github.com/fb55/domhandler, 200
18991884, cheeriojs/dom-serializer, https://github.com/cheeriojs/dom-serializer, 200
330229743, asaaki/rust-wasm-on-lambda-edge, https://github.com/asaaki/rust-wasm-on-lambda-edge, 200
128179094, AniTrend/retrofit-graphql, https://github.com/AniTrend/retrofit-graphql, 200
140377061, adityastic/FinconIndiaAssestRegistry, https://github.com/adityastic/FinconIndiaAssestRegistry, 200
171014377, Luca-Castelnuovo/TA-Nuth, https://github.com/Luca-Castelnuovo/TA-Nuth, 200
25810742, Dotnet-Boxed/Templates, https://github.com/Dotnet-Boxed/Templates, 200
345135777, harvs-project/node-typescript-template, https://github.com/harvs-project/node-typescript-template, 200
159735736, mre/prettyprint, https://github.com/mre/prettyprint, 200
239318637, mtellis2/actionstesting, https://github.com/mtellis2/actionstesting, 200
68275048, Dotnet-Boxed/Framework, https://github.com/Dotnet-Boxed/Framework, 200
106993655, Blackdread/filter-sort-jooq-api, https://github.com/Blackdread/filter-sort-jooq-api, 200
43331904, asaaki/yyid.rs, https://github.com/asaaki/yyid.rs, 200
43331904, asaaki/yyid.rs, https://github.com/asaaki/yyid.rs, 200
1762338, asaaki/vote-schulze, https://github.com/asaaki/vote-schulze, 200
1762338, asaaki/vote-schulze, https://github.com/asaaki/vote-schulze, 200
362147703, scrum-for-developers/2021-05-teamb, https://github.com/scrum-for-developers/2021-05-teamb, 200
362733760, dmizrahi94/np-test, https://github.com/dmizrahi94/np-test, 200
292874684, MCreator/MCreator, https://github.com/MCreator/MCreator, 200
209290382, Leo-Corporation/LABS-ExperimentalConsole, https://github.com/Leo-Corporation/LABS-ExperimentalConsole, 200
290444863, Leo-Corporation/Gavilya, https://github.com/Leo-Corporation/Gavilya, 200
342599118, Leo-Corporation/Gerayis, https://github.com/Leo-Corporation/Gerayis, 200
206807563, mathematicator-core/mandelbrot-set, https://github.com/mathematicator-core/mandelbrot-set, 200
273704810, Leo-Corporation/LABS-Experiences, https://github.com/Leo-Corporation/LABS-Experiences, 200
362722070, neuthos/neuPizza, https://github.com/neuthos/neuPizza, 200
114929884, sealas/authtoken, https://github.com/sealas/authtoken, 200
199332719, ikhoury/rstreamer, https://github.com/ikhoury/rstreamer, 200
332992058, back8/github_soruly_aniep, https://github.com/back8/github_soruly_aniep, 200
150091095, bitExpert/magerun2-password-normalizer, https://github.com/bitExpert/magerun2-password-normalizer, 200
20392669, apexskier/camlittle.com, https://github.com/apexskier/camlittle.com, 200
361096326, yylat/aws-cdk-transit-gateway-peering, https://github.com/yylat/aws-cdk-transit-gateway-peering, 200
21138704, xvik/guice-validator, https://github.com/xvik/guice-validator, 200
58867069, JanEggers/Playground, https://github.com/JanEggers/Playground, 200
340829470, A01706155/NATGAS-MEMEH, https://github.com/A01706155/NATGAS-MEMEH, 200
340829470, A01706155/NATGAS-MEMEH, https://github.com/A01706155/NATGAS-MEMEH, 200
340829470, A01706155/NATGAS-MEMEH, https://github.com/A01706155/NATGAS-MEMEH, 200
340829470, A01706155/NATGAS-MEMEH, https://github.com/A01706155/NATGAS-MEMEH, 200
128775021, qnyp/qnyp-company, https://github.com/qnyp/qnyp-company, 200
37352208, melink14/rikaikun, https://github.com/melink14/rikaikun, 200
362710852, ilhamtaufiq/kingslayer, https://github.com/ilhamtaufiq/kingslayer, 200
148144870, common-workflow-language/cwlprov-py, https://github.com/common-workflow-language/cwlprov-py, 200
133226015, webbeta/Serializer, https://github.com/webbeta/Serializer, 200
7841470, chriswk/isharelib, https://github.com/chriswk/isharelib, 200
87427318, wordplate/extended-acf, https://github.com/wordplate/extended-acf, 200
33867650, wordplate/framework, https://github.com/wordplate/framework, 200
129392228, nickurt/laravel-openprovider, https://github.com/nickurt/laravel-openprovider, 200
36356297, nickurt/laravel-akismet, https://github.com/nickurt/laravel-akismet, 200
121518617, nickurt/laravel-stopforumspam, https://github.com/nickurt/laravel-stopforumspam, 200
121736581, nickurt/laravel-abuseipdb, https://github.com/nickurt/laravel-abuseipdb, 200
139841691, nickurt/laravel-oxxa, https://github.com/nickurt/laravel-oxxa, 200
75649480, PUGX/PUGXBusFormBundle, https://github.com/PUGX/PUGXBusFormBundle, 200
88036673, glogiotatidis/neres, https://github.com/glogiotatidis/neres, 200
65300704, sanpii/domotic-teleinfo, https://github.com/sanpii/domotic-teleinfo, 200
317523583, sanpii/cargo-brief, https://github.com/sanpii/cargo-brief, 200
319065749, sanpii/captainstat, https://github.com/sanpii/captainstat, 200
278409593, raynigon/climate-metrics, https://github.com/raynigon/climate-metrics, 200
73813042, sanpii/auto-tag, https://github.com/sanpii/auto-tag, 200
174012315, shogo82148/cfn-mackerel-macro, https://github.com/shogo82148/cfn-mackerel-macro, 200
66189416, yellow-pitaya/api, https://github.com/yellow-pitaya/api, 200
90398709, yellow-pitaya/scpi-server, https://github.com/yellow-pitaya/scpi-server, 200
280405563, Lenivaya/qrrs, https://github.com/Lenivaya/qrrs, 200
2958142, fsprojects/FsUnit, https://github.com/fsprojects/FsUnit, 200
272513173, HGlab01/ioBroker.followthesun, https://github.com/HGlab01/ioBroker.followthesun, 200
199863706, akarnokd/RxJavaFiberInterop, https://github.com/akarnokd/RxJavaFiberInterop, 200
63074445, akarnokd/RxJavaExtensions, https://github.com/akarnokd/RxJavaExtensions, 200
75601250, akarnokd/RxJavaJdk9Interop, https://github.com/akarnokd/RxJavaJdk9Interop, 200
66614524, ppy/osu-framework, https://github.com/ppy/osu-framework, 200
12820537, slatedocs/slate, https://github.com/slatedocs/slate, 200
1151051, django-oscar/django-oscar, https://github.com/django-oscar/django-oscar, 200
131572772, alenros/fake-artist, https://github.com/alenros/fake-artist, 200
21286925, Majavapaja/Majavashakki, https://github.com/Majavapaja/Majavashakki, 200
362325461, Leojunkes/node_typeORM, https://github.com/Leojunkes/node_typeORM, 200
361992776, CCCCauchy/PandaTemplates, https://github.com/CCCCauchy/PandaTemplates, 200
276936375, oliveirarennan/boilerplate-nextjs, https://github.com/oliveirarennan/boilerplate-nextjs, 200
346430213, saddam1999/Tienda, https://github.com/saddam1999/Tienda, 200
22456440, ppy/osu, https://github.com/ppy/osu, 200
173861903, Ralith/fuzzyblue, https://github.com/Ralith/fuzzyblue, 200
68063511, tsl0922/ttyd, https://github.com/tsl0922/ttyd, 200
181515855, Byzanteam/stylelint-config, https://github.com/Byzanteam/stylelint-config, 200
362551667, Alaa7-A/mobile, https://github.com/Alaa7-A/mobile, 200
232002403, BCurrell/dehydrated-dns-cloudflare, https://github.com/BCurrell/dehydrated-dns-cloudflare, 200
41263814, dokku/dokku-elasticsearch, https://github.com/dokku/dokku-elasticsearch, 200
360163271, mooyoung2309/28-gpd-chat-bot, https://github.com/mooyoung2309/28-gpd-chat-bot, 200
261990028, Byzanteam/dotenv-webpack-plugin, https://github.com/Byzanteam/dotenv-webpack-plugin, 200
362121783, mattborghi/microfrontends-presentation, https://github.com/mattborghi/microfrontends-presentation, 200
20882897, OpenGamma/Strata, https://github.com/OpenGamma/Strata, 200
3390243, servo/servo, https://github.com/servo/servo, 200
188781358, dsmjs/cli, https://github.com/dsmjs/cli, 200
243392970, krsna1729/spgwc, https://github.com/krsna1729/spgwc, 200
216490058, RafiIzzatulRizquFaris/LastDayApp, https://github.com/RafiIzzatulRizquFaris/LastDayApp, 200
202559342, RafiIzzatulRizquFaris/MySubmission4, https://github.com/RafiIzzatulRizquFaris/MySubmission4, 200
329467212, liyishuai/gswap, https://github.com/liyishuai/gswap, 200
345943282, cielpy/hugo-blog, https://github.com/cielpy/hugo-blog, 200
362660034, EliasMartins007/API_mysql, https://github.com/EliasMartins007/API_mysql, 200
245585491, wangyoucao577/go-release-action, https://github.com/wangyoucao577/go-release-action, 200
138748288, goapt/logger, https://github.com/goapt/logger, 200
2869916, nerab/manbook, https://github.com/nerab/manbook, 200
362659306, KlodeEdwarCodez/FlipDapp, https://github.com/KlodeEdwarCodez/FlipDapp, 200
4838330, nerab/twdeps, https://github.com/nerab/twdeps, 200
163228329, swellaby/rusty-hook, https://github.com/swellaby/rusty-hook, 200
357334501, kentik/terraform-provider-kentik-synthetics, https://github.com/kentik/terraform-provider-kentik-synthetics, 200
42691604, guyellis/ipapi, https://github.com/guyellis/ipapi, 200
200713761, libcala/cala-docs, https://github.com/libcala/cala-docs, 200
116259506, goreleaser/nfpm, https://github.com/goreleaser/nfpm, 200
171287092, shinsenter/defer.php, https://github.com/shinsenter/defer.php, 200
362650497, AuNguyenTrungNguyen/AuNguyenTrungNguyen-React-Native-Painter-Picture, https://github.com/AuNguyenTrungNguyen/AuNguyenTrungNguyen-React-Native-Painter-Picture, 200
306516573, zoo-js/zoo-data, https://github.com/zoo-js/zoo-data, 200
362650497, AuNguyenTrungNguyen/AuNguyenTrungNguyen-React-Native-Painter-Picture, https://github.com/AuNguyenTrungNguyen/AuNguyenTrungNguyen-React-Native-Painter-Picture, 200
197782555, solarhell/tt-miniprogram, https://github.com/solarhell/tt-miniprogram, 200
197504327, solarhell/qq-miniprogram, https://github.com/solarhell/qq-miniprogram, 200
225515340, solarhell/fontObfuscator, https://github.com/solarhell/fontObfuscator, 200
143974782, solarhell/wechat-open-platform, https://github.com/solarhell/wechat-open-platform, 200
18818296, pinterest/secor, https://github.com/pinterest/secor, 200
276109227, kashu-02/okaykasu, https://github.com/kashu-02/okaykasu, 200
181782286, crate-ci/typos, https://github.com/crate-ci/typos, 200
354485103, vmagen/Proj, https://github.com/vmagen/Proj, 200
135068644, keathley/vapor, https://github.com/keathley/vapor, 200
278416482, erikbryant/beepspeak, https://github.com/erikbryant/beepspeak, 200
92336750, ilios/lti-dashboard, https://github.com/ilios/lti-dashboard, 200
117104501, pmmp/NBT, https://github.com/pmmp/NBT, 200
216013189, woylie/flop, https://github.com/woylie/flop, 200
35250263, shepmaster/jetscii, https://github.com/shepmaster/jetscii, 200
362635450, Ferraresir/smh-api, https://github.com/Ferraresir/smh-api, 200
64615394, smaglio81/Ucsb.Sa.Enterprise.ClientExtensions, https://github.com/smaglio81/Ucsb.Sa.Enterprise.ClientExtensions, 200
52128009, vega/vega-tooltip, https://github.com/vega/vega-tooltip, 200
80312637, ircnews/ircnews.github.io, https://github.com/ircnews/ircnews.github.io, 200
206517572, lisachenko/z-engine, https://github.com/lisachenko/z-engine, 200
25729194, mcollina/mqemitter-mongodb, https://github.com/mcollina/mqemitter-mongodb, 200
188431004, mightyBroccoli/spamfilter-ingest, https://github.com/mightyBroccoli/spamfilter-ingest, 200
362582226, accswap/webapp, https://github.com/accswap/webapp, 200
174773207, mys721tx/imitare, https://github.com/mys721tx/imitare, 200
201650992, andybeak/php-ini-checker, https://github.com/andybeak/php-ini-checker, 200
248594331, uditkarode/AbleMusicPlayer, https://github.com/uditkarode/AbleMusicPlayer, 200
205950333, codeigniter4projects/website2, https://github.com/codeigniter4projects/website2, 200
222280049, shootismoke/common, https://github.com/shootismoke/common, 200
182053063, Mogztter/asciidoctor-manpage.js, https://github.com/Mogztter/asciidoctor-manpage.js, 200
223245192, adrianjost/two-channel-picker, https://github.com/adrianjost/two-channel-picker, 200
163727027, dogmatiq/example, https://github.com/dogmatiq/example, 200
223284876, VerifyTests/Verify, https://github.com/VerifyTests/Verify, 200
151521687, wikimedia/svgtranslate, https://github.com/wikimedia/svgtranslate, 200
72410925, dokku/docker-s3backup, https://github.com/dokku/docker-s3backup, 200
132028298, UpdateHub/agent-sdk-python, https://github.com/UpdateHub/agent-sdk-python, 200
9597860, NServiceBusExtensions/NServiceBus.Serilog, https://github.com/NServiceBusExtensions/NServiceBus.Serilog, 200
141490233, joshuaslate/type-cacheable, https://github.com/joshuaslate/type-cacheable, 200
51862201, SpamExperts/plesk-linux-addon, https://github.com/SpamExperts/plesk-linux-addon, 200
190715038, otherguy/php-currency-api, https://github.com/otherguy/php-currency-api, 200
134403395, NServiceBusExtensions/NServiceBus.Validation, https://github.com/NServiceBusExtensions/NServiceBus.Validation, 200
30111657, NServiceBusExtensions/NServiceBus.Jil, https://github.com/NServiceBusExtensions/NServiceBus.Jil, 200
108742000, ndabAP/vue-go-example, https://github.com/ndabAP/vue-go-example, 200
286106424, wuespace/telestion-core, https://github.com/wuespace/telestion-core, 200
360759473, AlanFC11/Frontend, https://github.com/AlanFC11/Frontend, 200
355108804, ms-showcase/ms-showcase, https://github.com/ms-showcase/ms-showcase, 200
20123963, EamonNerbonne/ExpressionToCode, https://github.com/EamonNerbonne/ExpressionToCode, 200
20092387, EamonNerbonne/a-vs-an, https://github.com/EamonNerbonne/a-vs-an, 200
339740306, MyOpenTour/motu-docs, https://github.com/MyOpenTour/motu-docs, 200
362577215, Qlever-LLC/oada-service-template, https://github.com/Qlever-LLC/oada-service-template, 200
279725748, open-telemetry/opentelemetry-dotnet-instrumentation, https://github.com/open-telemetry/opentelemetry-dotnet-instrumentation, 200
4021953, MikeMcQuaid/mikemcquaid.com, https://github.com/MikeMcQuaid/mikemcquaid.com, 200
362572649, Cvetanski/quantox, https://github.com/Cvetanski/quantox, 200
25488342, petabridge/lighthouse, https://github.com/petabridge/lighthouse, 200
346856961, WASYL94/BIAAWC, https://github.com/WASYL94/BIAAWC, 200
360287840, bkg-heavy-industries/closed-pr-debug, https://github.com/bkg-heavy-industries/closed-pr-debug, 200
260656751, meilisearch/meilisearch-rust, https://github.com/meilisearch/meilisearch-rust, 200
362393409, danielezappala/graphbook5, https://github.com/danielezappala/graphbook5, 200
362393409, danielezappala/graphbook5, https://github.com/danielezappala/graphbook5, 200
362393409, danielezappala/graphbook5, https://github.com/danielezappala/graphbook5, 200
362393409, danielezappala/graphbook5, https://github.com/danielezappala/graphbook5, 200
362375401, NikhilChauhan27/innotech, https://github.com/NikhilChauhan27/innotech, 200
362375401, NikhilChauhan27/innotech, https://github.com/NikhilChauhan27/innotech, 200
220984163, Bonial-International-GmbH/ingress-monitor-controller, https://github.com/Bonial-International-GmbH/ingress-monitor-controller, 200
362337089, NhaPhatHanh/github-docs, https://github.com/NhaPhatHanh/github-docs, 200
362337089, NhaPhatHanh/github-docs, https://github.com/NhaPhatHanh/github-docs, 200
362337089, NhaPhatHanh/github-docs, https://github.com/NhaPhatHanh/github-docs, 200
362337089, NhaPhatHanh/github-docs, https://github.com/NhaPhatHanh/github-docs, 200
362337089, NhaPhatHanh/github-docs, https://github.com/NhaPhatHanh/github-docs, 200
362337089, NhaPhatHanh/github-docs, https://github.com/NhaPhatHanh/github-docs, 200
362337089, NhaPhatHanh/github-docs, https://github.com/NhaPhatHanh/github-docs, 200
362337089, NhaPhatHanh/github-docs, https://github.com/NhaPhatHanh/github-docs, 200
362337089, NhaPhatHanh/github-docs, https://github.com/NhaPhatHanh/github-docs, 200
362337089, NhaPhatHanh/github-docs, https://github.com/NhaPhatHanh/github-docs, 200
362337089, NhaPhatHanh/github-docs, https://github.com/NhaPhatHanh/github-docs, 200
362337089, NhaPhatHanh/github-docs, https://github.com/NhaPhatHanh/github-docs, 200
362337089, NhaPhatHanh/github-docs, https://github.com/NhaPhatHanh/github-docs, 200
362337089, NhaPhatHanh/github-docs, https://github.com/NhaPhatHanh/github-docs, 200
362337089, NhaPhatHanh/github-docs, https://github.com/NhaPhatHanh/github-docs, 200
362337089, NhaPhatHanh/github-docs, https://github.com/NhaPhatHanh/github-docs, 200
362337089, NhaPhatHanh/github-docs, https://github.com/NhaPhatHanh/github-docs, 200
362337089, NhaPhatHanh/github-docs, https://github.com/NhaPhatHanh/github-docs, 200
345894560, Pandemonium1986/docker-debian11, https://github.com/Pandemonium1986/docker-debian11, 200
165659833, adrianjost/SmartLight-Firmware, https://github.com/adrianjost/SmartLight-Firmware, 200
358786277, piyush-ezee/covid-dashboard, https://github.com/piyush-ezee/covid-dashboard, 200
358463660, kmwattearachchi/otrium, https://github.com/kmwattearachchi/otrium, 200
298580038, tarantoj/mumbleracingbot, https://github.com/tarantoj/mumbleracingbot, 200
311570985, balles/diagrams-ts, https://github.com/balles/diagrams-ts, 200
357390848, stoner6593/quadrum-hotel, https://github.com/stoner6593/quadrum-hotel, 200
361944046, devpow112/devpow112, https://github.com/devpow112/devpow112, 200
360319940, Victor01Lima/Projeto-Podcastr, https://github.com/Victor01Lima/Projeto-Podcastr, 200
362315917, sv-tools/conf-parser-json, https://github.com/sv-tools/conf-parser-json, 200
359420259, codehaus-plexus/plexus-testing, https://github.com/codehaus-plexus/plexus-testing, 200
359664381, drugscom/yumrepo-matrix-action, https://github.com/drugscom/yumrepo-matrix-action, 200
136413940, ShopRunner/baleen, https://github.com/ShopRunner/baleen, 200
355019145, glkyfamedev/KYFame, https://github.com/glkyfamedev/KYFame, 200
362290191, CesarRGomezA/LoadBAlancer_BAckpressure, https://github.com/CesarRGomezA/LoadBAlancer_BAckpressure, 200
362290191, CesarRGomezA/LoadBAlancer_BAckpressure, https://github.com/CesarRGomezA/LoadBAlancer_BAckpressure, 200
362290191, CesarRGomezA/LoadBAlancer_BAckpressure, https://github.com/CesarRGomezA/LoadBAlancer_BAckpressure, 200
362290191, CesarRGomezA/LoadBAlancer_BAckpressure, https://github.com/CesarRGomezA/LoadBAlancer_BAckpressure, 200
362290191, CesarRGomezA/LoadBAlancer_BAckpressure, https://github.com/CesarRGomezA/LoadBAlancer_BAckpressure, 200
33149177, PowerShell/PSScriptAnalyzer, https://github.com/PowerShell/PSScriptAnalyzer, 200
33076155, Level/iterator-stream, https://github.com/Level/iterator-stream, 200
362237953, mertyjsx/ticket-backend, https://github.com/mertyjsx/ticket-backend, 200
362262253, cloudlong/avflixv1, https://github.com/cloudlong/avflixv1, 200
362255610, rodrigopv/tailwind-portfolio, https://github.com/rodrigopv/tailwind-portfolio, 200
362252783, erikprogramador/api-response-time, https://github.com/erikprogramador/api-response-time, 200
362252783, erikprogramador/api-response-time, https://github.com/erikprogramador/api-response-time, 200
362252783, erikprogramador/api-response-time, https://github.com/erikprogramador/api-response-time, 200
362252783, erikprogramador/api-response-time, https://github.com/erikprogramador/api-response-time, 200
362252783, erikprogramador/api-response-time, https://github.com/erikprogramador/api-response-time, 200
362252783, erikprogramador/api-response-time, https://github.com/erikprogramador/api-response-time, 200
362220680, jayeebee/u-develop-it, https://github.com/jayeebee/u-develop-it, 200
361880465, Luke-Berzins/graph_ql_tutorial, https://github.com/Luke-Berzins/graph_ql_tutorial, 200
359138001, CraftionsMC/GunGame, https://github.com/CraftionsMC/GunGame, 200
360120197, italosilva01/nlw-5, https://github.com/italosilva01/nlw-5, 200
359048671, umatare5/umatare5.netlify.app, https://github.com/umatare5/umatare5.netlify.app, 200
362236962, after5cst/sedpy, https://github.com/after5cst/sedpy, 200
362221826, thisdudeisvegan/planetside2-sunderer-farmscript, https://github.com/thisdudeisvegan/planetside2-sunderer-farmscript, 200
362230898, Riftsan/Documentation, https://github.com/Riftsan/Documentation, 200
362224220, govpf/docker-python, https://github.com/govpf/docker-python, 200
362217360, cmcunningham27/ORM-E-Commerce_Back_End, https://github.com/cmcunningham27/ORM-E-Commerce_Back_End, 200
362207897, vipul1170570/cowin, https://github.com/vipul1170570/cowin, 200
362202084, sv-tools/conf-transformer-go-template, https://github.com/sv-tools/conf-transformer-go-template, 200
32427775, Level/errors, https://github.com/Level/errors, 200
362186992, elyasha/raspberrypi_django, https://github.com/elyasha/raspberrypi_django, 200
361998561, Martinfzz/THP-DEV-W4, https://github.com/Martinfzz/THP-DEV-W4, 200
63601480, dfm/celerite, https://github.com/dfm/celerite, 200
13560553, alphagov/router-api, https://github.com/alphagov/router-api, 200
356555508, Onemind-Services-LLC/helm-unittest, https://github.com/Onemind-Services-LLC/helm-unittest, 200
358485067, soltanianas/sporify_symfony, https://github.com/soltanianas/sporify_symfony, 200
237711281, ham0215/hamchance, https://github.com/ham0215/hamchance, 200
5615141, alphagov/feedback, https://github.com/alphagov/feedback, 200
24410344, alphagov/email-alert-service, https://github.com/alphagov/email-alert-service, 200
24410607, alphagov/email-alert-api, https://github.com/alphagov/email-alert-api, 200
218678936, adeira/universe, https://github.com/adeira/universe, 200
362123827, Lait-Ahh/WebShop, https://github.com/Lait-Ahh/WebShop, 200
329068781, rosswilson/nestjs-playground, https://github.com/rosswilson/nestjs-playground, 200
287800920, portlek/scoreboard, https://github.com/portlek/scoreboard, 200
360633952, damienmillet/ts-synology-api, https://github.com/damienmillet/ts-synology-api, 200
359372330, SocialRootio/srsandbox, https://github.com/SocialRootio/srsandbox, 200
236549577, cilium/hubble-ui, https://github.com/cilium/hubble-ui, 200
347156800, github/globalmaintainersummit.github.com, https://github.com/github/globalmaintainersummit.github.com, 200
360244682, filinico/sync-release-branches, https://github.com/filinico/sync-release-branches, 200
330229743, asaaki/rust-wasm-on-lambda-edge, https://github.com/asaaki/rust-wasm-on-lambda-edge, 200
278563193, spotify-api/spotify-api.js, https://github.com/spotify-api/spotify-api.js, 200
247714750, caos/zitadel, https://github.com/caos/zitadel, 200
359207632, brannt/wallet, https://github.com/brannt/wallet, 200
362053162, CitraHutajulu0/CitraHutajulu0.github.io, https://github.com/CitraHutajulu0/CitraHutajulu0.github.io, 200
362053162, CitraHutajulu0/CitraHutajulu0.github.io, https://github.com/CitraHutajulu0/CitraHutajulu0.github.io, 200
362053430, xsShuang/mybatis-3-master, https://github.com/xsShuang/mybatis-3-master, 200
362041766, ErezOr18/attacks-web-app, https://github.com/ErezOr18/attacks-web-app, 200
358302736, emilgoldsmith/sc-trainer.com, https://github.com/emilgoldsmith/sc-trainer.com, 200
358938087, los-kanbaneros/kanbanero-server, https://github.com/los-kanbaneros/kanbanero-server, 200
358985111, bbernadino/sick-fits, https://github.com/bbernadino/sick-fits, 200
358828596, aqua1907/Automatic_Car_Recognition, https://github.com/aqua1907/Automatic_Car_Recognition, 200
153361173, pulumi/actions, https://github.com/pulumi/actions, 200
244477634, cniweb/xmrig-monero, https://github.com/cniweb/xmrig-monero, 200
322799683, UnionMusic/notification, https://github.com/UnionMusic/notification, 200
360766315, eddiealba/buyathome_frontend, https://github.com/eddiealba/buyathome_frontend, 200
360766315, eddiealba/buyathome_frontend, https://github.com/eddiealba/buyathome_frontend, 200
92283185, kokorin/Jaffree, https://github.com/kokorin/Jaffree, 200
362001031, sababilal/whyalgoproductionlatestversion, https://github.com/sababilal/whyalgoproductionlatestversion, 200
348851627, JCSUCoder/SystemicWorks, https://github.com/JCSUCoder/SystemicWorks, 200
281541373, YsnKsy/react-native-location-enabler, https://github.com/YsnKsy/react-native-location-enabler, 200
361990731, guilhermebolfe11/MyStudies, https://github.com/guilhermebolfe11/MyStudies, 200
361972000, cristianofromagio/intellij-wrap-html-attributes, https://github.com/cristianofromagio/intellij-wrap-html-attributes, 200
361967985, zam19zhyar/TAES, https://github.com/zam19zhyar/TAES, 200
361957183, Fenrisnight/SoftEngineeringfinal, https://github.com/Fenrisnight/SoftEngineeringfinal, 200
361950340, ataverav/HSQ_Mobile_DP, https://github.com/ataverav/HSQ_Mobile_DP, 200
361950340, ataverav/HSQ_Mobile_DP, https://github.com/ataverav/HSQ_Mobile_DP, 200
358620029, jeo-sol/addblox, https://github.com/jeo-sol/addblox, 200
242469538, attrib75/SightSeerDemo, https://github.com/attrib75/SightSeerDemo, 200
284477905, villaeduardob/test-bemagro, https://github.com/villaeduardob/test-bemagro, 200
125647176, openlayers/ol-webpack, https://github.com/openlayers/ol-webpack, 200
139734123, openlayers/ol-parcel, https://github.com/openlayers/ol-parcel, 200
361938155, diksadinata/tugasweb, https://github.com/diksadinata/tugasweb, 200
139732779, openlayers/ol-rollup, https://github.com/openlayers/ol-rollup, 200
361937786, cgallic/pancake-info-api, https://github.com/cgallic/pancake-info-api, 200
361927280, eoroose/vendor-directory, https://github.com/eoroose/vendor-directory, 200
357534069, vyxxr/ProjetoWideProf, https://github.com/vyxxr/ProjetoWideProf, 200
310095183, ahmadnassri/node-oas-schemas, https://github.com/ahmadnassri/node-oas-schemas, 200
361910596, chris-cmsoft/in-laymans-terms, https://github.com/chris-cmsoft/in-laymans-terms, 200
361907603, RitaOak/ritaoak, https://github.com/RitaOak/ritaoak, 200
361905489, marcinxbiedrzycki/suppliers, https://github.com/marcinxbiedrzycki/suppliers, 200
361905489, marcinxbiedrzycki/suppliers, https://github.com/marcinxbiedrzycki/suppliers, 200
361897859, Raspikabek/sfdocs-site, https://github.com/Raspikabek/sfdocs-site, 200
361545104, GilbN/tp-docs, https://github.com/GilbN/tp-docs, 200
17479288, Catrobat/Catroweb, https://github.com/Catrobat/Catroweb, 200
54714794, rabbitstack/fibratus, https://github.com/rabbitstack/fibratus, 200
361870026, ValentinMorel/Decentralized-app-with-smart-contracts, https://github.com/ValentinMorel/Decentralized-app-with-smart-contracts, 200
361819756, nadiiaTykhoniuk/web5-yana, https://github.com/nadiiaTykhoniuk/web5-yana, 200
361784410, sunziping2016/tilly-site, https://github.com/sunziping2016/tilly-site, 200
361804825, jalofernandez/checkpoint, https://github.com/jalofernandez/checkpoint, 200
116965835, repetere/jsonx, https://github.com/repetere/jsonx, 200
347667205, tmsc4zht/ipad-stopwatch, https://github.com/tmsc4zht/ipad-stopwatch, 200
356854700, tmsc4zht/death_stranding_materials, https://github.com/tmsc4zht/death_stranding_materials, 200
267334445, jonlabelle/docker-nmap, https://github.com/jonlabelle/docker-nmap, 200
18069188, alphagov/content-store, https://github.com/alphagov/content-store, 200
269508329, jonlabelle/docker-network-tools, https://github.com/jonlabelle/docker-network-tools, 200
361792842, je-de-ye/coba-b22, https://github.com/je-de-ye/coba-b22, 200
346029202, LaskasP/ChartApp, https://github.com/LaskasP/ChartApp, 200
361788118, asmedina24/Test, https://github.com/asmedina24/Test, 200
243627408, dictyBase/dicty-hooks, https://github.com/dictyBase/dicty-hooks, 200
361792441, INOS-soft/chainlook-glowing, https://github.com/INOS-soft/chainlook-glowing, 200
361780114, lordofthejars/quarkus-istio, https://github.com/lordofthejars/quarkus-istio, 200
361769064, thothdeus/MayBot, https://github.com/thothdeus/MayBot, 200
361765726, fitrizr/todoo, https://github.com/fitrizr/todoo, 200
358158113, henrikmotzkus/typo3, https://github.com/henrikmotzkus/typo3, 200
361734962, Molkamimi/finalproject-newversion, https://github.com/Molkamimi/finalproject-newversion, 200
331077940, GrahamSH-LLK/site, https://github.com/GrahamSH-LLK/site, 200
221443117, server-state/cli, https://github.com/server-state/cli, 200
322341140, VJonah/projectEuler, https://github.com/VJonah/projectEuler, 200
48862153, Geeklog-Core/geeklog, https://github.com/Geeklog-Core/geeklog, 200
359448287, nils91/som, https://github.com/nils91/som, 200
361695471, heenalsapovadia/Covid19VaccineApp, https://github.com/heenalsapovadia/Covid19VaccineApp, 200
361690394, subhamsps/WebGoat-Subham, https://github.com/subhamsps/WebGoat-Subham, 200
361686182, INOS-soft/awesomeXSS, https://github.com/INOS-soft/awesomeXSS, 200
361682381, INOS-soft/TL-DR, https://github.com/INOS-soft/TL-DR, 200
325462587, TorresCubed/neuromap.app, https://github.com/TorresCubed/neuromap.app, 200
361016874, Rindula/hirsch_vue_bezahlen, https://github.com/Rindula/hirsch_vue_bezahlen, 200
361642301, kadeksuarjuna/mahasiswa3, https://github.com/kadeksuarjuna/mahasiswa3, 200
361666659, Lofms/docsy-cms-netlify, https://github.com/Lofms/docsy-cms-netlify, 200
360452353, cristinafaltas/feisbuc, https://github.com/cristinafaltas/feisbuc, 200
360452353, cristinafaltas/feisbuc, https://github.com/cristinafaltas/feisbuc, 200
361622776, ieguesz/my_api_rest, https://github.com/ieguesz/my_api_rest, 200
361330827, soe-j/calendar-view-nuxt, https://github.com/soe-j/calendar-view-nuxt, 200
361610404, silvez4/NLW_05, https://github.com/silvez4/NLW_05, 200
361613461, ezreall/thi_thuc_hanh1, https://github.com/ezreall/thi_thuc_hanh1, 200
361613461, ezreall/thi_thuc_hanh1, https://github.com/ezreall/thi_thuc_hanh1, 200
361443124, ezreall/Thuc_hanh, https://github.com/ezreall/Thuc_hanh, 200
361443124, ezreall/Thuc_hanh, https://github.com/ezreall/Thuc_hanh, 200
361585179, Theshindekiran/kir9edu-api, https://github.com/Theshindekiran/kir9edu-api, 200
337643507, A01706155/labs_tc2005b, https://github.com/A01706155/labs_tc2005b, 200
361577802, akboyd88/grpc-debian-build, https://github.com/akboyd88/grpc-debian-build, 200
361265117, iSenaka/desafio-credisis, https://github.com/iSenaka/desafio-credisis, 200
359161658, julianvitor/luas-de-saturno, https://github.com/julianvitor/luas-de-saturno, 200
359161658, julianvitor/luas-de-saturno, https://github.com/julianvitor/luas-de-saturno, 200
361562072, NaiaraBorges/Podcastr, https://github.com/NaiaraBorges/Podcastr, 200
361563381, asaavedrah/DakotaModels, https://github.com/asaavedrah/DakotaModels, 200
337643507, A01706155/labs_tc2005b, https://github.com/A01706155/labs_tc2005b, 200
361541755, lucasfariasm/nlw-05-nodejs-websockets, https://github.com/lucasfariasm/nlw-05-nodejs-websockets, 200
361542013, moh-sol-dev/samantest, https://github.com/moh-sol-dev/samantest, 200
361516405, C-jenks/devLog-test, https://github.com/C-jenks/devLog-test, 200
150725660, Nyaran/testlink-xmlrpc, https://github.com/Nyaran/testlink-xmlrpc, 200
149008923, Maxr1998/ModernAndroidPreferences, https://github.com/Maxr1998/ModernAndroidPreferences, 200
345211933, Lucasico/projeto-integrador1, https://github.com/Lucasico/projeto-integrador1, 200
10335901, Level/level-test, https://github.com/Level/level-test, 200
361489008, forfeen/ceen-server, https://github.com/forfeen/ceen-server, 200
33037569, Level/community, https://github.com/Level/community, 200
343881814, stanislavKosacek/daweb-minimal, https://github.com/stanislavKosacek/daweb-minimal, 200
361452022, Nandakumar-CS/dw-productmerge, https://github.com/Nandakumar-CS/dw-productmerge, 200
361463188, bishnicks/electronic, https://github.com/bishnicks/electronic, 200
334212391, aalleexxss/ESOF432, https://github.com/aalleexxss/ESOF432, 200
334212391, aalleexxss/ESOF432, https://github.com/aalleexxss/ESOF432, 200
361534898, MuriloNSantos17/NLW5, https://github.com/MuriloNSantos17/NLW5, 200
355390547, xiJulian/probot.db, https://github.com/xiJulian/probot.db, 200
316313986, stefanfreitag/csv-to-heartbeat-yml, https://github.com/stefanfreitag/csv-to-heartbeat-yml, 200
361504676, VaughnValle/daniel-dots, https://github.com/VaughnValle/daniel-dots, 200
361493518, loperd/minecraft-server, https://github.com/loperd/minecraft-server, 200
289694878, philippe-vandermoere/terraform-provider-algolia, https://github.com/philippe-vandermoere/terraform-provider-algolia, 200
361455119, Fryelock/outback2021, https://github.com/Fryelock/outback2021, 200
307655751, sigstore/rekorctl, https://github.com/sigstore/rekorctl, 200
317906015, sigstore/rekor-operator, https://github.com/sigstore/rekor-operator, 200
361424847, leportella/vera-portella, https://github.com/leportella/vera-portella, 200
360345182, biwwlybam/thebrewcalc, https://github.com/biwwlybam/thebrewcalc, 200
107782685, cat2koban/cat2koban.github.io, https://github.com/cat2koban/cat2koban.github.io, 200
361413449, lyz-code/faker-optional, https://github.com/lyz-code/faker-optional, 200
361405713, kbhatia01/covid-punjab, https://github.com/kbhatia01/covid-punjab, 200
356924224, Jean-Poul/Fullstack-Period3-Handin, https://github.com/Jean-Poul/Fullstack-Period3-Handin, 200
356924224, Jean-Poul/Fullstack-Period3-Handin, https://github.com/Jean-Poul/Fullstack-Period3-Handin, 200
361365980, nolifey/nolifey.com, https://github.com/nolifey/nolifey.com, 200
361336626, mikevera05/Project-Mike, https://github.com/mikevera05/Project-Mike, 200
360908555, vroom-2021/vroom, https://github.com/vroom-2021/vroom, 200
177682770, LarsPeterson/lars.rocks, https://github.com/LarsPeterson/lars.rocks, 200
361318959, NurAslam/praktikum_gis, https://github.com/NurAslam/praktikum_gis, 200
361313563, tjcommV2X/ray, https://github.com/tjcommV2X/ray, 200
327215323, hashreftech/nutrition, https://github.com/hashreftech/nutrition, 200
358174180, BLThunderstorm/BLThunderstorm, https://github.com/BLThunderstorm/BLThunderstorm, 200
360638193, elmirIsmayilov/Full_Stack_Blog_App, https://github.com/elmirIsmayilov/Full_Stack_Blog_App, 200
361269656, mrbdahlem/LtiOauthDemo, https://github.com/mrbdahlem/LtiOauthDemo, 200
355362792, nharvey27/Tutorials, https://github.com/nharvey27/Tutorials, 200
359111524, coDual/logger, https://github.com/coDual/logger, 200
361247612, jwpjrdev/better-import-plugin, https://github.com/jwpjrdev/better-import-plugin, 200
361232080, realpvz/Qzlearn, https://github.com/realpvz/Qzlearn, 200
361233125, rum0n/food_donation, https://github.com/rum0n/food_donation, 200
361226649, rizkyian78/simple-microservice, https://github.com/rizkyian78/simple-microservice, 200
361221086, chris-hamper/chrishamper.com-nuxt, https://github.com/chris-hamper/chrishamper.com-nuxt, 200
245259736, Belco90/octoclairvoyant, https://github.com/Belco90/octoclairvoyant, 200
361198996, dankey123/SafeFork1, https://github.com/dankey123/SafeFork1, 200
361156274, wrac4242/password_breach_checker, https://github.com/wrac4242/password_breach_checker, 200
222115305, marcwrobel/marcwrobel.github.io, https://github.com/marcwrobel/marcwrobel.github.io, 200
329623038, gaaamii/api, https://github.com/gaaamii/api, 200
361121410, stoe/octoherd-script-sync-labels, https://github.com/stoe/octoherd-script-sync-labels, 200
361108669, lilissonia/UTSFrameworkProgramming, https://github.com/lilissonia/UTSFrameworkProgramming, 200
302071371, hapakaien/fiber-boilerplate, https://github.com/hapakaien/fiber-boilerplate, 200
349451056, edfus/networking-dumpster, https://github.com/edfus/networking-dumpster, 200
361011942, AlphaO24/projetStyleMarmiton, https://github.com/AlphaO24/projetStyleMarmiton, 200
295258603, camtheman256/lasa-schedules-editor, https://github.com/camtheman256/lasa-schedules-editor, 200
360976336, gegaco2021daw2/pr4, https://github.com/gegaco2021daw2/pr4, 200
360948620, DankaParvan/lab3-nodejs, https://github.com/DankaParvan/lab3-nodejs, 200
344532591, coderkabh/Show_My_Folio, https://github.com/coderkabh/Show_My_Folio, 200
360893266, alessandroToninelli/ExposedDB2Integration, https://github.com/alessandroToninelli/ExposedDB2Integration, 200
150259764, HSU-ANT/jsdafx, https://github.com/HSU-ANT/jsdafx, 200
360711670, rockchalkwushock/rehype-code-titles, https://github.com/rockchalkwushock/rehype-code-titles, 200
